{"cameraMode":{"drawMode":0,"name":"Shaded","section":"Shading Mode"},"sceneLighting":true,"audioPlay":false,"sceneViewState":{"m_AlwaysRefresh":false,"showFog":true,"showSkybox":true,"showFlares":true,"showImageEffects":true,"showParticleSystems":true,"showVisualEffectGraphs":true,"m_FxEnabled":true},"in2DMode":false,"pivot":{"x":0.11813227832317352,"y":0.2166082113981247,"z":0.43661826848983767},"rotation":{"x":0.00027149825473316014,"y":0.9887036085128784,"z":-0.14974091947078706,"w":0.0017805136740207673},"size":0.004845363553613424,"orthographic":false}