{"cameraMode":{"drawMode":0,"name":"Shaded","section":"Shading Mode"},"sceneLighting":true,"audioPlay":false,"sceneViewState":{"m_AlwaysRefresh":false,"showFog":true,"showSkybox":true,"showFlares":true,"showImageEffects":true,"showParticleSystems":true,"showVisualEffectGraphs":true,"m_FxEnabled":true},"in2DMode":false,"pivot":{"x":0.08449847251176834,"y":0.21658051013946534,"z":0.4242646098136902},"rotation":{"x":-0.007435288745909929,"y":0.9872834086418152,"z":-0.15104110538959504,"w":-0.04861271753907204},"size":0.004845363553613424,"orthographic":false}